{
    "pile": {
        "ce_loss": 3.7499794985798887,
        "perplexity": 42.52021026643303,
        "n_tokens": 906802
    },
    "alpaca": {
        "ce_loss": 2.1920776127734913,
        "perplexity": 8.953796325273048,
        "n_tokens": 270467
    },
    "alpaca_custom_completions": {
        "ce_loss": 0.8329050150152256,
        "perplexity": 2.299990551803686,
        "n_tokens": 24954
    }
}