{
    "pile": {
        "ce_loss": 3.500922012449415,
        "perplexity": 33.145998897831305,
        "n_tokens": 906802
    },
    "alpaca": {
        "ce_loss": 2.0894167680965703,
        "perplexity": 8.080201158657584,
        "n_tokens": 270467
    },
    "alpaca_custom_completions": {
        "ce_loss": 0.25433177990801414,
        "perplexity": 1.2895995965329536,
        "n_tokens": 24954
    }
}