{
    "pile": {
        "ce_loss": 2.0178084331680837,
        "perplexity": 7.521822280707666,
        "n_tokens": 924049
    },
    "alpaca": {
        "ce_loss": 1.8864570494562067,
        "perplexity": 6.595958080962606,
        "n_tokens": 282786
    },
    "alpaca_custom_completions": {
        "ce_loss": 0.2988156251395299,
        "perplexity": 1.34826101511851,
        "n_tokens": 33245
    }
}