{
    "pile": {
        "ce_loss": 2.2091611147454007,
        "perplexity": 9.108072559570934,
        "n_tokens": 924049
    },
    "alpaca": {
        "ce_loss": 2.100221457664878,
        "perplexity": 8.167978573751032,
        "n_tokens": 282786
    },
    "alpaca_custom_completions": {
        "ce_loss": 0.7093207267661402,
        "perplexity": 2.03261009197473,
        "n_tokens": 33245
    }
}