{
    "pile": {
        "ce_loss": 2.2141157473557445,
        "perplexity": 9.15331169198673,
        "n_tokens": 936338
    },
    "alpaca": {
        "ce_loss": 1.587435946663881,
        "perplexity": 4.8911915602878935,
        "n_tokens": 306589
    },
    "alpaca_custom_completions": {
        "ce_loss": 0.12382331568860332,
        "perplexity": 1.1318158792227424,
        "n_tokens": 36633
    }
}