{
    "pile": {
        "ce_loss": 2.220325398487245,
        "perplexity": 9.210327404925767,
        "n_tokens": 936338
    },
    "alpaca": {
        "ce_loss": 1.6088454117749542,
        "perplexity": 4.997038374173538,
        "n_tokens": 306589
    },
    "alpaca_custom_completions": {
        "ce_loss": 0.11697656346249957,
        "perplexity": 1.124093084532089,
        "n_tokens": 36633
    }
}